district_no,district,source_name
1,Altstadt-Lehel,Altstadt-Lehel
2,Ludwigsvorstadt-Isarvorstadt,Ludwigsvorstadt-Isarvorstadt
3,Maxvorstadt,Maxvorstadt
4,Schwabing-West,Schwabing-West
5,Au-Haidhausen,Au-Haidhausen
6,Sendling,Sendling
7,Sendling-Westpark,Sendling-Westpark
8,Schwanthalerhöhe,Schwanthalerhöhe
9,Neuhausen-Nymphenburg,Neuhausen-Nymphenburg
10,Moosach,Moosach
11,Milbertshofen-Am Hart,Milbertshofen-Am Hart
12,Schwabing-Freimann,Schwabing-Freimann
13,Bogenhausen,Bogenhausen
14,Berg am Laim,Berg am Laim
15,Trudering-Riem,Tudering-Riem
16,Ramersdorf-Perlach,Ramersdorf-Perlach
17,Obergiesing-Fasangarten,Obergiesing
18,Untergiesing-Harlaching,Untergiesing-Harlaching
19,Thalkirchen-Obersendling-Forstenried-Fürstenried-Solln,Thalkirchen-Obersendling-Forstenried-Fürstenried-Solln
20,Hadern,Hadern
21,Pasing-Obermenzing,Pasing-Obermenzing
22,Aubing-Lochhausen-Langwied,Aubing-Lochhausen-Langwied
23,Allach-Untermenzing,Allach-Untermenzing
24,Feldmoching-Hasenbergl,Feldmoching-Hasenbergl
25,Laim,Laim
