year,partial_year,reviews,yoy_growth_pct,index_2019_100,reviews_jan_jun,jan_jun_yoy_pct,listings_reviewed
2015,False,4055,,24,1462,,310
2016,False,6170,52.2,36,2437,66.7,449
2017,False,9488,53.8,56,3857,58.3,604
2018,False,12492,31.7,74,4714,22.2,811
2019,False,16909,35.4,100,7298,54.8,1097
2020,False,8047,-52.4,48,3621,-50.4,839
2021,False,10522,30.8,62,2458,-32.1,901
2022,False,22844,117.1,135,8080,228.7,1833
2023,False,31457,37.7,186,13171,63.0,2359
2024,False,41932,33.3,248,16143,22.6,3051
2025,False,47919,14.3,283,20670,28.0,3612
2026,True,21843,-54.4,129,21841,5.7,2707
